timestamp,Actiwatch activity counts,Actiware classification,Apple Watch ENMO
1/1/2000 1:17,NA,NA,0.003122629
1/1/2000 1:17,NA,NA,0.002959821
1/1/2000 1:17,NA,NA,0.002921318
1/1/2000 1:17,NA,NA,0.002906992
1/1/2000 1:18,NA,NA,0.002932428
1/1/2000 1:18,NA,NA,0.002988776
1/1/2000 1:18,NA,NA,0.002895115
1/1/2000 1:18,NA,NA,0.002915949
1/1/2000 1:19,NA,NA,0.002745537
1/1/2000 1:19,NA,NA,0.038737442
1/1/2000 1:19,NA,NA,0.06524948
1/1/2000 1:19,129,NA,0.057662295
1/1/2000 1:20,109,NA,0.049340053
1/1/2000 1:20,113,NA,0.09922546
1/1/2000 1:20,188,NA,0.104355041
1/1/2000 1:20,0,1,0.007234036
1/1/2000 1:21,24,1,0.030108705
1/1/2000 1:21,3,1,0.008784712
1/1/2000 1:21,0,1,0.007893329
1/1/2000 1:21,3,1,0.007760627
1/1/2000 1:22,0,1,0.006468971
1/1/2000 1:22,0,1,0.005790945
1/1/2000 1:22,0,1,0.017378445
1/1/2000 1:22,182,1,0.159257533
1/1/2000 1:23,164,1,0.088535368
1/1/2000 1:23,12,1,0.014816191
1/1/2000 1:23,0,1,0.006586049
1/1/2000 1:23,0,1,0.006269583
1/1/2000 1:24,0,1,0.006943397
1/1/2000 1:24,4,0,0.01222079
1/1/2000 1:24,0,0,0.006598491
1/1/2000 1:24,0,0,0.00662518
1/1/2000 1:25,0,0,0.006930623
1/1/2000 1:25,0,0,0.006733643
1/1/2000 1:25,0,0,0.006762587
1/1/2000 1:25,0,0,0.008320164
1/1/2000 1:26,0,0,0.008938762
1/1/2000 1:26,0,0,0.006439566
1/1/2000 1:26,0,0,0.006432062
1/1/2000 1:26,0,0,0.006409359
1/1/2000 1:27,0,0,0.006347096
1/1/2000 1:27,0,0,0.006979674
1/1/2000 1:27,0,0,0.00665433
1/1/2000 1:27,0,0,0.006337215
1/1/2000 1:28,0,0,0.006998765
1/1/2000 1:28,0,0,0.007244066
1/1/2000 1:28,0,0,0.006531215
1/1/2000 1:28,0,0,0.00649664
1/1/2000 1:29,5,0,0.010352928
1/1/2000 1:29,2,0,0.007687701
1/1/2000 1:29,0,0,0.006645814
1/1/2000 1:29,3,0,0.008157335
1/1/2000 1:30,21,1,0.015391093
1/1/2000 1:30,0,0,0.006755248
1/1/2000 1:30,0,0,0.007636139
1/1/2000 1:30,15,1,0.032612805
1/1/2000 1:31,9,1,0.00788259
1/1/2000 1:31,0,0,0.006528119
1/1/2000 1:31,0,0,0.006612822
1/1/2000 1:31,0,0,0.007700578
1/1/2000 1:32,0,0,0.007038548
1/1/2000 1:32,0,0,0.006631164
1/1/2000 1:32,0,0,0.006697868
1/1/2000 1:32,0,0,0.007041677
1/1/2000 1:33,0,0,0.006604855
1/1/2000 1:33,0,0,0.006705771
1/1/2000 1:33,0,0,0.00675027
1/1/2000 1:33,0,0,0.006666055
1/1/2000 1:34,0,0,0.00674592
1/1/2000 1:34,0,0,0.006604222
1/1/2000 1:34,0,0,0.006659064
1/1/2000 1:34,0,0,0.006718062
1/1/2000 1:35,0,0,0.006649771
1/1/2000 1:35,0,0,0.006480359
1/1/2000 1:35,0,0,0.007354136
1/1/2000 1:35,12,1,0.019934988
1/1/2000 1:36,0,0,0.006796337
1/1/2000 1:36,0,0,0.006899651
1/1/2000 1:36,0,0,0.006824973
1/1/2000 1:36,0,0,0.006930269
1/1/2000 1:37,0,0,0.006926457
1/1/2000 1:37,0,0,0.006859787
1/1/2000 1:37,0,0,0.006923184
1/1/2000 1:37,0,0,0.006736741
1/1/2000 1:38,0,0,0.007044933
1/1/2000 1:38,0,0,0.006917125
1/1/2000 1:38,0,0,0.006860115
1/1/2000 1:38,0,0,0.006815099
1/1/2000 1:39,0,0,0.006995744
1/1/2000 1:39,0,0,0.006866719
1/1/2000 1:39,0,0,0.0068337
1/1/2000 1:39,0,0,0.006896151
1/1/2000 1:40,0,0,0.006977877
1/1/2000 1:40,0,0,0.006742549
1/1/2000 1:40,0,0,0.00673246
1/1/2000 1:40,0,0,0.006860998
1/1/2000 1:41,0,0,0.006890153
1/1/2000 1:41,0,0,0.006862908
1/1/2000 1:41,24,1,0.03232699
1/1/2000 1:41,0,0,0.006870275
1/1/2000 1:42,0,0,0.006828564
1/1/2000 1:42,0,0,0.006898006
1/1/2000 1:42,10,1,0.019849404
1/1/2000 1:42,0,0,0.006460819
1/1/2000 1:43,0,0,0.006443766
1/1/2000 1:43,0,0,0.006492381
1/1/2000 1:43,0,0,0.006432616
1/1/2000 1:43,0,0,0.006120036
1/1/2000 1:44,0,0,0.006477431
1/1/2000 1:44,0,0,0.006536823
1/1/2000 1:44,0,0,0.006483224
1/1/2000 1:44,0,0,0.006533065
1/1/2000 1:45,0,0,0.006510503
1/1/2000 1:45,0,0,0.009509184
1/1/2000 1:45,0,0,0.006424574
1/1/2000 1:45,0,0,0.006064375
1/1/2000 1:46,0,0,0.006316765
1/1/2000 1:46,0,0,0.0064816
1/1/2000 1:46,0,0,0.006559982
1/1/2000 1:46,0,0,0.006542794
1/1/2000 1:47,0,0,0.006484461
1/1/2000 1:47,9,1,0.012805348
1/1/2000 1:47,0,0,0.006777054
1/1/2000 1:47,56,1,0.060508809
1/1/2000 1:48,7,1,0.005137526
1/1/2000 1:48,0,0,0.003321173
1/1/2000 1:48,0,0,0.00295859
1/1/2000 1:48,0,0,0.003320937
1/1/2000 1:49,0,0,0.003791568
1/1/2000 1:49,0,0,0.003406702
1/1/2000 1:49,0,0,0.003468598
1/1/2000 1:49,0,0,0.003553304
1/1/2000 1:50,0,0,0.003488287
1/1/2000 1:50,0,0,0.003439169
1/1/2000 1:50,0,0,0.00348314
1/1/2000 1:50,0,0,0.003343122
1/1/2000 1:51,0,0,0.002455467
1/1/2000 1:51,0,0,0.005772693
1/1/2000 1:51,0,0,0.002963878
1/1/2000 1:51,0,0,0.003049168
1/1/2000 1:52,0,0,0.003054878
1/1/2000 1:52,0,0,0.004264293
1/1/2000 1:52,0,0,0.004764297
1/1/2000 1:52,0,0,0.003892004
1/1/2000 1:53,0,0,0.003928754
1/1/2000 1:53,0,0,0.003840267
1/1/2000 1:53,0,0,0.003884305
1/1/2000 1:53,0,0,0.003834842
1/1/2000 1:54,0,0,0.003901887
1/1/2000 1:54,0,0,0.003542255
1/1/2000 1:54,0,0,0.003866066
1/1/2000 1:54,0,0,0.003841944
1/1/2000 1:55,0,0,0.003922217
1/1/2000 1:55,0,0,0.003918239
1/1/2000 1:55,0,0,0.003858175
1/1/2000 1:55,0,0,0.003923276
1/1/2000 1:56,0,0,0.003860864
1/1/2000 1:56,0,0,0.003785179
1/1/2000 1:56,0,0,0.003845183
1/1/2000 1:56,0,0,0.003893649
1/1/2000 1:57,0,0,0.003755643
1/1/2000 1:57,0,0,0.00375564
1/1/2000 1:57,0,0,0.003899677
1/1/2000 1:57,0,0,0.003448277
1/1/2000 1:58,0,0,0.003899637
1/1/2000 1:58,2,0,0.005053223
1/1/2000 1:58,0,0,0.003179278
1/1/2000 1:58,0,0,0.003279274
1/1/2000 1:59,0,0,0.003118541
1/1/2000 1:59,0,0,0.003134962
1/1/2000 1:59,0,0,0.003335491
1/1/2000 1:59,0,0,0.003152561
1/1/2000 2:00,0,0,0.003272524
1/1/2000 2:00,0,0,0.003233393
1/1/2000 2:00,0,1,0.003269048
1/1/2000 2:00,0,1,0.003107925
1/1/2000 2:01,0,1,0.003276083
1/1/2000 2:01,73,1,0.074301675
1/1/2000 2:01,170,1,0.092466068
1/1/2000 2:01,7,1,0.005465522
1/1/2000 2:02,0,1,0.003036653
1/1/2000 2:02,23,1,0.022715407
1/1/2000 2:02,0,1,0.001531398
1/1/2000 2:02,0,0,0.001469581
1/1/2000 2:03,0,0,0.00143283
1/1/2000 2:03,0,0,0.001550704
1/1/2000 2:03,0,0,0.001512311
1/1/2000 2:03,0,0,0.001434464
1/1/2000 2:04,0,0,0.00137775
1/1/2000 2:04,0,0,0.00145065
1/1/2000 2:04,0,0,0.001417591
1/1/2000 2:04,0,0,0.001510982
1/1/2000 2:05,0,0,0.001538072
1/1/2000 2:05,0,0,0.001510095
1/1/2000 2:05,0,0,0.001480158
1/1/2000 2:05,0,0,0.001534437
1/1/2000 2:06,0,0,0.001466625
1/1/2000 2:06,0,0,0.001453734
1/1/2000 2:06,0,0,0.001521418
1/1/2000 2:06,0,0,0.001484616
1/1/2000 2:07,0,0,0.001487375
1/1/2000 2:07,0,0,0.001462567
1/1/2000 2:07,0,0,0.001459994
1/1/2000 2:07,0,0,0.001423867
1/1/2000 2:08,0,0,0.001400754
1/1/2000 2:08,0,0,0.001509377
1/1/2000 2:08,0,0,0.001554896
1/1/2000 2:08,0,0,0.001508344
1/1/2000 2:09,0,0,0.001528847
1/1/2000 2:09,0,0,0.001659789
1/1/2000 2:09,0,0,0.001530645
1/1/2000 2:09,0,0,0.00150469
1/1/2000 2:10,0,0,0.001447666
1/1/2000 2:10,0,0,0.00160937
1/1/2000 2:10,0,0,0.001499834
1/1/2000 2:10,0,0,0.001353426
1/1/2000 2:11,0,0,0.001459705
1/1/2000 2:11,0,0,0.001431621
1/1/2000 2:11,0,0,0.001387274
1/1/2000 2:11,0,0,0.001406803
1/1/2000 2:12,0,0,0.001484886
1/1/2000 2:12,0,0,0.001454376
1/1/2000 2:12,82,1,0.057828349
1/1/2000 2:12,0,0,0.003279331
1/1/2000 2:13,0,0,0.002819546
1/1/2000 2:13,0,0,0.002737387
1/1/2000 2:13,0,0,0.002965289
1/1/2000 2:13,0,0,0.002869565
1/1/2000 2:14,0,0,0.002873679
1/1/2000 2:14,0,0,0.003028073
1/1/2000 2:14,0,0,0.003113249
1/1/2000 2:14,0,0,0.00284191
1/1/2000 2:15,0,0,0.00300452
1/1/2000 2:15,0,0,0.003018563
1/1/2000 2:15,0,0,0.003092328
1/1/2000 2:15,0,0,0.00320142
1/1/2000 2:16,0,0,0.003774868
1/1/2000 2:16,0,0,0.003007571
1/1/2000 2:16,0,0,0.003002318
1/1/2000 2:16,0,0,0.00334451
1/1/2000 2:17,0,0,0.002938158
1/1/2000 2:17,0,0,0.002923266
1/1/2000 2:17,0,0,0.002955557
1/1/2000 2:17,0,0,0.00372458
1/1/2000 2:18,0,0,0.003013236
1/1/2000 2:18,0,0,0.002883986
1/1/2000 2:18,0,0,0.002983155
1/1/2000 2:18,0,0,0.00298252
1/1/2000 2:19,0,0,0.002926754
1/1/2000 2:19,0,0,0.002885628
1/1/2000 2:19,0,0,0.00294217
1/1/2000 2:19,0,0,0.002986477
1/1/2000 2:20,0,0,0.0030861
1/1/2000 2:20,0,0,0.003033931
1/1/2000 2:20,0,0,0.002874223
1/1/2000 2:20,0,0,0.002941633
1/1/2000 2:21,0,0,0.002881035
1/1/2000 2:21,0,0,0.002809675
1/1/2000 2:21,0,0,0.003102602
1/1/2000 2:21,0,0,0.002924182
1/1/2000 2:22,0,0,0.002996055
1/1/2000 2:22,0,0,0.002973317
1/1/2000 2:22,0,0,0.002971061
1/1/2000 2:22,0,0,0.002840326
1/1/2000 2:23,0,0,0.002994368
1/1/2000 2:23,0,0,0.002916351
1/1/2000 2:23,0,0,0.003009713
1/1/2000 2:23,0,0,0.002891517
1/1/2000 2:24,0,0,0.003000237
1/1/2000 2:24,0,0,0.003048615
1/1/2000 2:24,0,0,0.003085097
1/1/2000 2:24,0,0,0.002958752
1/1/2000 2:25,0,0,0.003104571
1/1/2000 2:25,0,0,0.003025334
1/1/2000 2:25,0,0,0.002939746
1/1/2000 2:25,0,0,0.002904371
1/1/2000 2:26,0,0,0.003118802
1/1/2000 2:26,0,0,0.002975041
1/1/2000 2:26,0,0,0.003593766
1/1/2000 2:26,0,0,0.003062447
1/1/2000 2:27,0,0,0.003952751
1/1/2000 2:27,0,0,0.002857794
1/1/2000 2:27,0,0,0.003068176
1/1/2000 2:27,0,0,0.00303443
1/1/2000 2:28,0,0,0.002955167
1/1/2000 2:28,0,0,0.003209479
1/1/2000 2:28,0,0,0.002965251
1/1/2000 2:28,0,0,0.003025402
1/1/2000 2:29,0,0,0.003466543
1/1/2000 2:29,0,0,0.003173476
1/1/2000 2:29,0,0,0.0030149
1/1/2000 2:29,0,0,0.00311812
1/1/2000 2:30,0,0,0.003167992
1/1/2000 2:30,0,0,0.003105291
1/1/2000 2:30,0,0,0.003119731
1/1/2000 2:30,0,0,0.003298917
1/1/2000 2:31,0,0,0.00322057
1/1/2000 2:31,0,0,0.00315587
1/1/2000 2:31,0,0,0.003232848
1/1/2000 2:31,0,0,0.003324881
1/1/2000 2:32,0,0,0.003072958
1/1/2000 2:32,0,0,0.003138185
1/1/2000 2:32,0,0,0.003347346
1/1/2000 2:32,0,0,0.003490713
1/1/2000 2:33,0,0,0.0031903
1/1/2000 2:33,0,0,0.003549989
1/1/2000 2:33,0,0,0.003155317
1/1/2000 2:33,0,0,0.0032944
1/1/2000 2:34,0,0,0.003252114
1/1/2000 2:34,0,0,0.003523872
1/1/2000 2:34,0,0,0.003021307
1/1/2000 2:34,0,0,0.00324701
1/1/2000 2:35,0,0,0.003356588
1/1/2000 2:35,0,0,0.005672051
1/1/2000 2:35,0,0,0.002666733
1/1/2000 2:35,0,0,0.002940808
1/1/2000 2:36,0,0,0.002874276
1/1/2000 2:36,0,0,0.00288365
1/1/2000 2:36,0,0,0.002861479
1/1/2000 2:36,0,0,0.002827247
1/1/2000 2:37,0,0,0.003138831
1/1/2000 2:37,0,0,0.002837793
1/1/2000 2:37,0,0,0.002912729
1/1/2000 2:37,0,0,0.003788398
1/1/2000 2:38,0,0,0.00323558
1/1/2000 2:38,0,0,0.002724148
1/1/2000 2:38,0,0,0.0027363
1/1/2000 2:38,0,0,0.003323121
1/1/2000 2:39,0,0,0.003077006
1/1/2000 2:39,0,0,0.003630079
1/1/2000 2:39,109,1,0.080353793
1/1/2000 2:39,12,1,0.018434607
1/1/2000 2:40,0,0,0.007191169
1/1/2000 2:40,0,0,0.006972525
1/1/2000 2:40,0,0,0.006901047
1/1/2000 2:40,0,0,0.007026451
1/1/2000 2:41,0,0,0.007131959
1/1/2000 2:41,0,0,0.007892969
1/1/2000 2:41,0,0,0.006823109
1/1/2000 2:41,0,0,0.007011734
1/1/2000 2:42,0,0,0.00708
1/1/2000 2:42,0,0,0.007117741
1/1/2000 2:42,0,0,0.006994836
1/1/2000 2:42,0,0,0.0071794
1/1/2000 2:43,0,0,0.007195745
1/1/2000 2:43,0,0,0.006942388
1/1/2000 2:43,0,0,0.007721062
1/1/2000 2:43,0,0,0.007002824
1/1/2000 2:44,0,0,0.006852126
1/1/2000 2:44,0,0,0.006829159
1/1/2000 2:44,0,0,0.006844767
1/1/2000 2:44,0,0,0.00681091
1/1/2000 2:45,23,1,0.021304298
1/1/2000 2:45,0,0,0.003188289
1/1/2000 2:45,0,0,0.002708766
1/1/2000 2:45,0,0,0.002866948
1/1/2000 2:46,0,0,0.002592999
1/1/2000 2:46,0,0,0.002400528
1/1/2000 2:46,0,0,0.002570681
1/1/2000 2:46,0,0,0.002446165
1/1/2000 2:47,0,0,0.002629546
1/1/2000 2:47,0,0,0.002404072
1/1/2000 2:47,0,0,0.002427291
1/1/2000 2:47,0,0,0.00262691
1/1/2000 2:48,0,0,0.002251183
1/1/2000 2:48,0,0,0.002293596
1/1/2000 2:48,0,0,0.002454279
1/1/2000 2:48,0,0,0.006015691
1/1/2000 2:49,8,0,0.011673433
1/1/2000 2:49,3,0,0.002923287
1/1/2000 2:49,0,0,0.002572007
1/1/2000 2:49,0,0,0.002671234
1/1/2000 2:50,0,0,0.003003564
1/1/2000 2:50,0,0,0.002573888
1/1/2000 2:50,0,0,0.002421693
1/1/2000 2:50,0,0,0.00237274
1/1/2000 2:51,0,0,0.002411214
1/1/2000 2:51,0,0,0.002571647
1/1/2000 2:51,0,0,0.002556333
1/1/2000 2:51,0,0,0.003236575
1/1/2000 2:52,0,0,0.002730702
1/1/2000 2:52,0,0,0.002412507
1/1/2000 2:52,0,0,0.002370375
1/1/2000 2:52,0,0,0.002109764
1/1/2000 2:53,0,0,0.002243647
1/1/2000 2:53,0,0,0.002328123
1/1/2000 2:53,0,0,0.002142966
1/1/2000 2:53,0,0,0.003051442
1/1/2000 2:54,0,0,0.002262664
1/1/2000 2:54,0,0,0.002159035
1/1/2000 2:54,0,0,0.00209913
1/1/2000 2:54,0,0,0.002167992
1/1/2000 2:55,0,0,0.002181165
1/1/2000 2:55,0,0,0.002169108
1/1/2000 2:55,0,0,0.002264377
1/1/2000 2:55,0,0,0.002959763
1/1/2000 2:56,0,0,0.002255692
1/1/2000 2:56,0,0,0.002206972
1/1/2000 2:56,0,0,0.002581875
1/1/2000 2:56,0,0,0.002269826
1/1/2000 2:57,0,0,0.002142201
1/1/2000 2:57,0,0,0.002307843
1/1/2000 2:57,0,0,0.002433484
1/1/2000 2:57,0,0,0.002681729
1/1/2000 2:58,0,0,0.002272727
1/1/2000 2:58,0,0,0.002265157
1/1/2000 2:58,0,0,0.002126542
1/1/2000 2:58,0,0,0.002423118
1/1/2000 2:59,0,0,0.002852771
1/1/2000 2:59,0,0,0.002203342
1/1/2000 2:59,0,0,0.002222575
1/1/2000 2:59,0,0,0.006251827
1/1/2000 3:00,0,0,0.002168608
1/1/2000 3:00,0,0,0.001750991
1/1/2000 3:00,0,0,0.001636407
1/1/2000 3:00,0,0,0.0027576
1/1/2000 3:01,0,0,0.001970429
1/1/2000 3:01,0,0,0.001770473
1/1/2000 3:01,0,0,0.002167767
1/1/2000 3:01,0,0,0.002305564
1/1/2000 3:02,0,0,0.002107798
1/1/2000 3:02,0,0,0.00204524
1/1/2000 3:02,0,0,0.002212485
1/1/2000 3:02,0,0,0.002207851
1/1/2000 3:03,0,0,0.002144945
1/1/2000 3:03,0,0,0.002222787
1/1/2000 3:03,0,0,0.002321982
1/1/2000 3:03,0,0,0.002303034
1/1/2000 3:04,0,0,0.00259532
1/1/2000 3:04,0,0,0.002598199
1/1/2000 3:04,91,1,0.066699705
1/1/2000 3:04,17,1,0.017141662
1/1/2000 3:05,0,0,0.007344857
1/1/2000 3:05,0,0,0.007225683
1/1/2000 3:05,0,0,0.007226425
1/1/2000 3:05,0,0,0.007348751
1/1/2000 3:06,0,0,0.006985751
1/1/2000 3:06,0,0,0.006939407
1/1/2000 3:06,2,0,0.00933936
1/1/2000 3:06,0,0,0.007299567
1/1/2000 3:07,0,0,0.007240063
1/1/2000 3:07,0,0,0.00718392
1/1/2000 3:07,0,0,0.008957022
1/1/2000 3:07,0,0,0.008936075
1/1/2000 3:08,0,0,0.006670872
1/1/2000 3:08,0,0,0.006676857
1/1/2000 3:08,0,0,0.006750116
1/1/2000 3:08,0,0,0.006911951
1/1/2000 3:09,0,0,0.006570832
1/1/2000 3:09,2,0,0.009293412
1/1/2000 3:09,0,0,0.007586281
1/1/2000 3:09,0,0,0.006980304
1/1/2000 3:10,0,0,0.006843176
1/1/2000 3:10,0,0,0.007076869
1/1/2000 3:10,0,0,0.006728022
1/1/2000 3:10,0,0,0.006870724
1/1/2000 3:11,0,0,0.006898812
1/1/2000 3:11,0,0,0.006925389
1/1/2000 3:11,0,0,0.007005691
1/1/2000 3:11,0,0,0.007611345
1/1/2000 3:12,0,0,0.007120562
1/1/2000 3:12,0,0,0.007086138
1/1/2000 3:12,0,0,0.007094908
1/1/2000 3:12,0,0,0.007163202
1/1/2000 3:13,0,0,0.007730793
1/1/2000 3:13,0,0,0.007285744
1/1/2000 3:13,0,0,0.007180334
1/1/2000 3:13,0,0,0.006927785
1/1/2000 3:14,0,0,0.007369008
1/1/2000 3:14,0,0,0.00702326
1/1/2000 3:14,0,0,0.007042951
1/1/2000 3:14,0,0,0.006876328
1/1/2000 3:15,0,0,0.006783113
1/1/2000 3:15,0,0,0.006902575
1/1/2000 3:15,0,0,0.007542241
1/1/2000 3:15,0,0,0.007630329
1/1/2000 3:16,0,0,0.007301801
1/1/2000 3:16,0,0,0.007033733
1/1/2000 3:16,0,0,0.007549074
1/1/2000 3:16,0,0,0.007094619
1/1/2000 3:17,0,0,0.00705196
1/1/2000 3:17,0,0,0.007937865
1/1/2000 3:17,0,0,0.007083083
1/1/2000 3:17,0,0,0.007052145
1/1/2000 3:18,0,0,0.008057991
1/1/2000 3:18,0,0,0.007031235
1/1/2000 3:18,0,0,0.007595813
1/1/2000 3:18,2,0,0.008699536
1/1/2000 3:19,0,0,0.007335145
1/1/2000 3:19,0,0,0.007217545
1/1/2000 3:19,0,0,0.007392167
1/1/2000 3:19,0,0,0.007080434
1/1/2000 3:20,0,0,0.007777493
1/1/2000 3:20,0,0,0.007328441
1/1/2000 3:20,0,0,0.007067147
1/1/2000 3:20,0,0,0.007027006
1/1/2000 3:21,0,0,0.007416291
1/1/2000 3:21,0,0,0.007185116
1/1/2000 3:21,0,0,0.006973915
1/1/2000 3:21,0,0,0.006960901
1/1/2000 3:22,0,0,0.006967516
1/1/2000 3:22,0,0,0.00695055
1/1/2000 3:22,0,0,0.006933358
1/1/2000 3:22,0,0,0.006971378
1/1/2000 3:23,0,0,0.006997076
1/1/2000 3:23,0,0,0.006952576
1/1/2000 3:23,0,0,0.006911712
1/1/2000 3:23,0,0,0.006949626
1/1/2000 3:24,0,0,0.006961365
1/1/2000 3:24,0,0,0.00736674
1/1/2000 3:24,0,0,0.007029339
1/1/2000 3:24,0,0,0.006960667
1/1/2000 3:25,0,0,0.006965656
1/1/2000 3:25,0,0,0.006914869
1/1/2000 3:25,0,0,0.007040697
1/1/2000 3:25,2,0,0.01517298
1/1/2000 3:26,3,0,0.008794126
1/1/2000 3:26,0,0,0.007611125
1/1/2000 3:26,0,0,0.007595791
1/1/2000 3:26,0,0,0.007411048
1/1/2000 3:27,2,1,0.022216735
1/1/2000 3:27,182,1,0.040907495
1/1/2000 3:27,0,0,0.007946176
1/1/2000 3:27,0,0,0.008525102
1/1/2000 3:28,0,0,0.007989035
1/1/2000 3:28,0,0,0.008125494
1/1/2000 3:28,0,0,0.00816765
1/1/2000 3:28,0,0,0.008151422
1/1/2000 3:29,0,0,0.008141389
1/1/2000 3:29,0,0,0.008187848
1/1/2000 3:29,0,0,0.008163499
1/1/2000 3:29,0,0,0.008179525
1/1/2000 3:30,0,0,0.008031859
1/1/2000 3:30,0,0,0.008386164
1/1/2000 3:30,0,0,0.008072569
1/1/2000 3:30,0,0,0.008389753
1/1/2000 3:31,0,0,0.008317219
1/1/2000 3:31,0,0,0.008183101
1/1/2000 3:31,0,0,0.008148731
1/1/2000 3:31,0,0,0.008039073
1/1/2000 3:32,0,0,0.00808805
1/1/2000 3:32,0,0,0.008065963
1/1/2000 3:32,0,0,0.008016837
1/1/2000 3:32,0,0,0.008067674
1/1/2000 3:33,0,0,0.008102244
1/1/2000 3:33,0,0,0.008132044
1/1/2000 3:33,0,0,0.008179882
1/1/2000 3:33,0,0,0.008087196
1/1/2000 3:34,0,0,0.007972604
1/1/2000 3:34,0,0,0.008201062
1/1/2000 3:34,0,0,0.008157427
1/1/2000 3:34,0,0,0.007970351
1/1/2000 3:35,0,0,0.008096587
1/1/2000 3:35,0,0,0.008211593
1/1/2000 3:35,0,0,0.008022174
1/1/2000 3:35,0,0,0.00811469
1/1/2000 3:36,0,0,0.008132766
1/1/2000 3:36,0,0,0.008214276
1/1/2000 3:36,9,0,0.013710217
1/1/2000 3:36,0,0,0.008309217
1/1/2000 3:37,0,0,0.008558302
1/1/2000 3:37,0,0,0.008489223
1/1/2000 3:37,0,0,0.008586641
1/1/2000 3:37,0,0,0.00869721
1/1/2000 3:38,0,0,0.008458159
1/1/2000 3:38,0,0,0.008407383
1/1/2000 3:38,0,0,0.008408356
1/1/2000 3:38,0,0,0.008294765
1/1/2000 3:39,0,0,0.008464657
1/1/2000 3:39,0,0,0.00847452
1/1/2000 3:39,0,0,0.008402433
1/1/2000 3:39,0,0,0.008412909
1/1/2000 3:40,0,0,0.008422217
1/1/2000 3:40,0,0,0.008519666
1/1/2000 3:40,0,0,0.008974211
1/1/2000 3:40,0,0,0.008363009
1/1/2000 3:41,0,0,0.008342773
1/1/2000 3:41,0,0,0.008484898
1/1/2000 3:41,0,0,0.008418207
1/1/2000 3:41,0,0,0.008494868
1/1/2000 3:42,0,0,0.008397881
1/1/2000 3:42,0,0,0.008328264
1/1/2000 3:42,0,0,0.008483273
1/1/2000 3:42,0,0,0.008430427
1/1/2000 3:43,0,0,0.008538452
1/1/2000 3:43,7,0,0.016343723
1/1/2000 3:43,0,0,0.008824837
1/1/2000 3:43,0,0,0.007995739
1/1/2000 3:44,0,0,0.008159252
1/1/2000 3:44,0,0,0.008259144
1/1/2000 3:44,0,0,0.007923255
1/1/2000 3:44,0,0,0.008039058
1/1/2000 3:45,0,0,0.008622335
1/1/2000 3:45,0,0,0.00779651
1/1/2000 3:45,0,0,0.007907629
1/1/2000 3:45,0,0,0.007854205
1/1/2000 3:46,0,0,0.007874176
1/1/2000 3:46,0,0,0.007799187
1/1/2000 3:46,0,0,0.007693503
1/1/2000 3:46,0,0,0.007911384
1/1/2000 3:47,0,0,0.007787002
1/1/2000 3:47,0,0,0.007773768
1/1/2000 3:47,0,0,0.007664187
1/1/2000 3:47,0,0,0.007845643
1/1/2000 3:48,0,0,0.00823171
1/1/2000 3:48,0,0,0.008105295
1/1/2000 3:48,14,1,0.011398354
1/1/2000 3:48,0,0,0.00792499
1/1/2000 3:49,0,0,0.008136309
1/1/2000 3:49,0,0,0.008134455
1/1/2000 3:49,0,0,0.008091661
1/1/2000 3:49,0,0,0.008170018
1/1/2000 3:50,0,0,0.008221605
1/1/2000 3:50,0,0,0.008077809
1/1/2000 3:50,0,0,0.008110175
1/1/2000 3:50,0,0,0.008141023
1/1/2000 3:51,0,0,0.008172725
1/1/2000 3:51,0,0,0.008104211
1/1/2000 3:51,0,0,0.008129853
1/1/2000 3:51,0,0,0.008069086
1/1/2000 3:52,0,0,0.008095127
1/1/2000 3:52,0,0,0.007982681
1/1/2000 3:52,4,0,0.009987483
1/1/2000 3:52,0,0,0.008591633
1/1/2000 3:53,0,0,0.009049165
1/1/2000 3:53,0,0,0.008588628
1/1/2000 3:53,0,0,0.008356088
1/1/2000 3:53,0,0,0.008422493
1/1/2000 3:54,0,0,0.00833213
1/1/2000 3:54,0,0,0.008543885
1/1/2000 3:54,4,0,0.008817357
1/1/2000 3:54,0,0,0.008749012
1/1/2000 3:55,0,0,0.008768195
1/1/2000 3:55,0,0,0.008756514
1/1/2000 3:55,0,0,0.008852977
1/1/2000 3:55,0,0,0.008839356
1/1/2000 3:56,0,0,0.008801819
1/1/2000 3:56,0,0,0.008866791
1/1/2000 3:56,0,0,0.008825114
1/1/2000 3:56,17,1,0.023365772
1/1/2000 3:57,26,1,0.022598697
1/1/2000 3:57,12,1,0.010609115
1/1/2000 3:57,3,0,0.010060417
1/1/2000 3:57,0,0,0.004914907
1/1/2000 3:58,0,0,0.004941448
1/1/2000 3:58,0,0,0.006509279
1/1/2000 3:58,0,0,0.006384894
1/1/2000 3:58,0,0,0.006092394
1/1/2000 3:59,0,0,0.007527096
1/1/2000 3:59,0,0,0.00591327
1/1/2000 3:59,0,0,0.005790011
1/1/2000 3:59,0,0,0.005694093
1/1/2000 4:00,0,0,0.005796496
1/1/2000 4:00,0,0,0.005757291
1/1/2000 4:00,0,0,0.005643842
1/1/2000 4:00,0,0,0.004883915
1/1/2000 4:01,0,0,0.006009794
1/1/2000 4:01,0,0,0.00602584
1/1/2000 4:01,0,0,0.005970388
1/1/2000 4:01,0,0,0.005997351
1/1/2000 4:02,0,0,0.005938397
1/1/2000 4:02,0,0,0.005942092
1/1/2000 4:02,0,0,0.005978676
1/1/2000 4:02,0,0,0.005958207
1/1/2000 4:03,0,0,0.006069119
1/1/2000 4:03,0,0,0.005964292
1/1/2000 4:03,0,0,0.006020354
1/1/2000 4:03,0,0,0.005598801
1/1/2000 4:04,0,0,0.006094489
1/1/2000 4:04,0,0,0.006070983
1/1/2000 4:04,0,0,0.006059174
1/1/2000 4:04,0,0,0.005929274
1/1/2000 4:05,0,0,0.005917056
1/1/2000 4:05,0,0,0.005957343
1/1/2000 4:05,0,0,0.005966077
1/1/2000 4:05,0,0,0.005906979
1/1/2000 4:06,0,0,0.005844246
1/1/2000 4:06,0,0,0.0055945
1/1/2000 4:06,0,0,0.005938153
1/1/2000 4:06,0,0,0.005744699
1/1/2000 4:07,0,0,0.005992475
1/1/2000 4:07,0,0,0.006102196
1/1/2000 4:07,0,0,0.006017058
1/1/2000 4:07,0,0,0.005855803
1/1/2000 4:08,0,0,0.005003377
1/1/2000 4:08,0,0,0.005402945
1/1/2000 4:08,0,0,0.005466479
1/1/2000 4:08,0,0,0.006321662
1/1/2000 4:09,10,0,0.01313116
1/1/2000 4:09,0,0,0.006337325
1/1/2000 4:09,0,0,0.006146112
1/1/2000 4:09,0,0,0.006107358
1/1/2000 4:10,0,0,0.006298514
1/1/2000 4:10,0,0,0.006114285
1/1/2000 4:10,0,0,0.00618178
1/1/2000 4:10,0,0,0.005922613
1/1/2000 4:11,0,0,0.005271296
1/1/2000 4:11,0,0,0.005430476
1/1/2000 4:11,0,0,0.005442674
1/1/2000 4:11,0,0,0.005411021
1/1/2000 4:12,0,0,0.00556003
1/1/2000 4:12,0,0,0.005870408
1/1/2000 4:12,0,0,0.00665727
1/1/2000 4:12,0,0,0.008115003
1/1/2000 4:13,20,1,0.023238871
1/1/2000 4:13,0,0,0.004602077
1/1/2000 4:13,0,0,0.004652445
1/1/2000 4:13,0,0,0.004665904
1/1/2000 4:14,0,0,0.004753456
1/1/2000 4:14,0,0,0.005066091
1/1/2000 4:14,0,0,0.006020662
1/1/2000 4:14,0,0,0.00437104
1/1/2000 4:15,0,0,0.005934888
1/1/2000 4:15,0,0,0.006507674
1/1/2000 4:15,0,0,0.004734626
1/1/2000 4:15,0,0,0.005390761
1/1/2000 4:16,0,0,0.004960388
1/1/2000 4:16,0,0,0.004714625
1/1/2000 4:16,0,0,0.004952659
1/1/2000 4:16,0,0,0.004784893
1/1/2000 4:17,0,0,0.004870258
1/1/2000 4:17,0,0,0.004759545
1/1/2000 4:17,0,0,0.004786621
1/1/2000 4:17,0,0,0.004828934
1/1/2000 4:18,0,0,0.004700596
1/1/2000 4:18,0,0,0.004914352
1/1/2000 4:18,0,0,0.004739631
1/1/2000 4:18,0,0,0.004971434
1/1/2000 4:19,0,0,0.006575558
1/1/2000 4:19,0,0,0.005908796
1/1/2000 4:19,0,0,0.005867639
1/1/2000 4:19,0,0,0.005865835
1/1/2000 4:20,0,0,0.005861753
1/1/2000 4:20,0,0,0.005896672
1/1/2000 4:20,0,0,0.005864905
1/1/2000 4:20,0,0,0.005916658
1/1/2000 4:21,0,0,0.005840641
1/1/2000 4:21,0,0,0.006030905
1/1/2000 4:21,0,0,0.005856841
1/1/2000 4:21,0,0,0.005808379
1/1/2000 4:22,0,0,0.0057842
1/1/2000 4:22,0,0,0.005745724
1/1/2000 4:22,0,0,0.006173898
1/1/2000 4:22,0,0,0.005825026
1/1/2000 4:23,0,0,0.005762463
1/1/2000 4:23,0,0,0.005721026
1/1/2000 4:23,0,0,0.005695604
1/1/2000 4:23,0,0,0.005768441
1/1/2000 4:24,0,0,0.005666145
1/1/2000 4:24,0,0,0.005735796
1/1/2000 4:24,0,0,0.005703628
1/1/2000 4:24,0,0,0.005854696
1/1/2000 4:25,0,0,0.005696219
1/1/2000 4:25,134,1,0.118271968
1/1/2000 4:25,0,1,0.002728676
1/1/2000 4:25,0,1,0.001940763
1/1/2000 4:26,0,1,0.002023389
1/1/2000 4:26,79,1,0.074237082
1/1/2000 4:26,0,0,0.001735118
1/1/2000 4:26,0,0,0.001742215
1/1/2000 4:27,0,0,0.003317991
1/1/2000 4:27,0,0,0.00175142
1/1/2000 4:27,0,0,0.001762136
1/1/2000 4:27,0,0,0.001768001
1/1/2000 4:28,0,0,0.001785972
1/1/2000 4:28,0,0,0.001893694
1/1/2000 4:28,0,0,0.001804749
1/1/2000 4:28,0,0,0.001753354
1/1/2000 4:29,0,0,0.001906006
1/1/2000 4:29,64,1,0.049371887
1/1/2000 4:29,8,1,0.006416996
1/1/2000 4:29,0,0,0.004443638
1/1/2000 4:30,3,0,0.010980023
1/1/2000 4:30,2,0,0.008468615
1/1/2000 4:30,0,0,0.003087363
1/1/2000 4:30,0,0,0.003622444
1/1/2000 4:31,0,0,0.00311259
1/1/2000 4:31,0,0,0.002717261
1/1/2000 4:31,0,0,0.002828764
1/1/2000 4:31,0,0,0.002728994
1/1/2000 4:32,0,0,0.003042958
1/1/2000 4:32,0,0,0.002729618
1/1/2000 4:32,0,0,0.002786476
1/1/2000 4:32,0,0,0.002703845
1/1/2000 4:33,0,0,0.002613606
1/1/2000 4:33,0,0,0.002795116
1/1/2000 4:33,0,0,0.002613082
1/1/2000 4:33,0,0,0.002719682
1/1/2000 4:34,0,0,0.002810951
1/1/2000 4:34,0,0,0.002632263
1/1/2000 4:34,0,0,0.003180714
1/1/2000 4:34,0,0,0.002697678
1/1/2000 4:35,0,0,0.002682716
1/1/2000 4:35,0,0,0.002614903
1/1/2000 4:35,0,0,0.002684114
1/1/2000 4:35,0,0,0.002614952
1/1/2000 4:36,32,1,0.015493539
1/1/2000 4:36,0,0,0.004473442
1/1/2000 4:36,0,0,0.004455255
1/1/2000 4:36,0,0,0.004406723
1/1/2000 4:37,0,0,0.004458663
1/1/2000 4:37,0,0,0.005836653
1/1/2000 4:37,0,0,0.005215243
1/1/2000 4:37,0,0,0.005218051
1/1/2000 4:38,0,0,0.005615892
1/1/2000 4:38,0,0,0.005169427
1/1/2000 4:38,0,0,0.005152045
1/1/2000 4:38,0,0,0.005071268
1/1/2000 4:39,0,0,0.005053588
1/1/2000 4:39,0,0,0.00507457
1/1/2000 4:39,0,0,0.005083197
1/1/2000 4:39,0,0,0.005094615
1/1/2000 4:40,0,0,0.005040018
1/1/2000 4:40,0,1,0.005295358
1/1/2000 4:40,0,1,0.005015034
1/1/2000 4:40,0,1,0.005074967
1/1/2000 4:41,21,1,0.044260635
1/1/2000 4:41,237,1,0.149440529
1/1/2000 4:41,0,1,0.002468267
1/1/2000 4:41,0,1,0.002592976
1/1/2000 4:42,0,1,0.002703075
1/1/2000 4:42,0,1,0.002726189
1/1/2000 4:42,0,0,0.00269743
1/1/2000 4:42,0,0,0.002732783
1/1/2000 4:43,0,0,0.002636735
1/1/2000 4:43,0,0,0.002654954
1/1/2000 4:43,0,0,0.002658484
1/1/2000 4:43,0,0,0.00264821
1/1/2000 4:44,0,0,0.002727743
1/1/2000 4:44,0,0,0.002747182
1/1/2000 4:44,0,0,0.002568211
1/1/2000 4:44,0,0,0.002863336
1/1/2000 4:45,0,0,0.002877698
1/1/2000 4:45,0,0,0.002903444
1/1/2000 4:45,0,0,0.002832486
1/1/2000 4:45,0,0,0.002681894
1/1/2000 4:46,0,0,0.002772845
1/1/2000 4:46,0,0,0.002895458
1/1/2000 4:46,0,0,0.002780176
1/1/2000 4:46,0,0,0.002919363
1/1/2000 4:47,0,0,0.002875028
1/1/2000 4:47,0,0,0.002957493
1/1/2000 4:47,0,0,0.002850439
1/1/2000 4:47,0,0,0.002774632
1/1/2000 4:48,0,0,0.002721579
1/1/2000 4:48,0,0,0.002700036
1/1/2000 4:48,0,0,0.002796105
1/1/2000 4:48,0,0,0.002913736
1/1/2000 4:49,0,0,0.002819644
1/1/2000 4:49,0,0,0.002769552
1/1/2000 4:49,0,0,0.002880322
1/1/2000 4:49,0,0,0.002627594
1/1/2000 4:50,0,0,0.002922972
1/1/2000 4:50,0,0,0.002844287
1/1/2000 4:50,0,0,0.002842036
1/1/2000 4:50,0,0,0.002831624
1/1/2000 4:51,0,0,0.002920878
1/1/2000 4:51,0,0,0.002769413
1/1/2000 4:51,0,0,0.002823066
1/1/2000 4:51,0,0,0.002828029
1/1/2000 4:52,0,0,0.002847649
1/1/2000 4:52,0,0,0.002960119
1/1/2000 4:52,0,0,0.002831494
1/1/2000 4:52,0,0,0.002880173
1/1/2000 4:53,0,0,0.002772939
1/1/2000 4:53,0,0,0.00284699
1/1/2000 4:53,0,0,0.002857126
1/1/2000 4:53,0,0,0.002881606
1/1/2000 4:54,0,0,0.002953425
1/1/2000 4:54,0,0,0.002916907
1/1/2000 4:54,0,0,0.003009332
1/1/2000 4:54,0,0,0.002946563
1/1/2000 4:55,0,0,0.002922747
1/1/2000 4:55,0,0,0.002876595
1/1/2000 4:55,0,0,0.00300776
1/1/2000 4:55,0,0,0.002896822
1/1/2000 4:56,0,0,0.002927847
1/1/2000 4:56,0,0,0.002988588
1/1/2000 4:56,0,0,0.002866069
1/1/2000 4:56,0,0,0.00308556
1/1/2000 4:57,0,0,0.002967156
1/1/2000 4:57,0,0,0.003008991
1/1/2000 4:57,0,0,0.003132462
1/1/2000 4:57,0,0,0.002988872
1/1/2000 4:58,0,0,0.00305334
1/1/2000 4:58,0,0,0.003055196
1/1/2000 4:58,0,0,0.003028552
1/1/2000 4:58,0,0,0.003015338
1/1/2000 4:59,0,0,0.002878904
1/1/2000 4:59,0,0,0.00299808
1/1/2000 4:59,0,0,0.00306791
1/1/2000 4:59,0,0,0.002977131
1/1/2000 5:00,0,0,0.003063607
1/1/2000 5:00,0,0,0.003070257
1/1/2000 5:00,0,0,0.002577834
1/1/2000 5:00,0,0,0.002847579
1/1/2000 5:01,0,0,0.002838462
1/1/2000 5:01,0,0,0.003001766
1/1/2000 5:01,0,0,0.00307881
1/1/2000 5:01,0,0,0.003077767
1/1/2000 5:02,0,0,0.00308168
1/1/2000 5:02,0,0,0.003055449
1/1/2000 5:02,0,0,0.003086704
1/1/2000 5:02,0,0,0.00313668
1/1/2000 5:03,0,0,0.003077433
1/1/2000 5:03,0,0,0.002937516
1/1/2000 5:03,0,0,0.003162874
1/1/2000 5:03,0,0,0.003025185
1/1/2000 5:04,0,0,0.003120514
1/1/2000 5:04,0,0,0.003110609
1/1/2000 5:04,0,0,0.003139452
1/1/2000 5:04,0,0,0.003059042
1/1/2000 5:05,0,0,0.003072452
1/1/2000 5:05,0,0,0.003019645
1/1/2000 5:05,0,0,0.003076242
1/1/2000 5:05,0,0,0.003202037
1/1/2000 5:06,0,0,0.002859281
1/1/2000 5:06,0,0,0.003134428
1/1/2000 5:06,0,0,0.003059701
1/1/2000 5:06,0,0,0.002891944
1/1/2000 5:07,0,0,0.003168494
1/1/2000 5:07,0,0,0.003098407
1/1/2000 5:07,0,0,0.003052019
1/1/2000 5:07,0,0,0.003059205
1/1/2000 5:08,0,0,0.003111343
1/1/2000 5:08,0,0,0.003127287
1/1/2000 5:08,0,0,0.003031348
1/1/2000 5:08,0,0,0.00305356
1/1/2000 5:09,0,0,0.003091929
1/1/2000 5:09,0,0,0.002839492
1/1/2000 5:09,0,0,0.003110497
1/1/2000 5:09,0,0,0.003077637
1/1/2000 5:10,0,0,0.002891703
1/1/2000 5:10,0,0,0.003189873
1/1/2000 5:10,0,0,0.002990456
1/1/2000 5:10,0,0,0.003069546
1/1/2000 5:11,0,0,0.003093398
1/1/2000 5:11,0,0,0.003067221
1/1/2000 5:11,0,0,0.003042851
1/1/2000 5:11,0,0,0.003019229
1/1/2000 5:12,0,0,0.003124397
1/1/2000 5:12,0,0,0.00310842
1/1/2000 5:12,0,0,0.002648175
1/1/2000 5:12,0,0,0.002980622
1/1/2000 5:13,0,0,0.002979004
1/1/2000 5:13,0,0,0.003036016
1/1/2000 5:13,0,0,0.003022076
1/1/2000 5:13,0,0,0.003090399
1/1/2000 5:14,0,0,0.003039139
1/1/2000 5:14,0,0,0.003088891
1/1/2000 5:14,0,0,0.003040351
1/1/2000 5:14,0,0,0.003084458
1/1/2000 5:15,0,0,0.00296002
1/1/2000 5:15,0,0,0.00305876
1/1/2000 5:15,0,0,0.002195726
1/1/2000 5:15,0,0,0.002080028
1/1/2000 5:16,0,0,0.002113292
1/1/2000 5:16,0,0,0.002141661
1/1/2000 5:16,0,0,0.001876264
1/1/2000 5:16,0,0,0.00289196
1/1/2000 5:17,0,0,0.002929132
1/1/2000 5:17,0,0,0.002978364
1/1/2000 5:17,0,0,0.003026994
1/1/2000 5:17,0,0,0.003087832
1/1/2000 5:18,0,0,0.003069728
1/1/2000 5:18,0,0,0.003093465
1/1/2000 5:18,0,0,0.003181809
1/1/2000 5:18,0,0,0.002834643
1/1/2000 5:19,0,0,0.00312727
1/1/2000 5:19,0,0,0.00317049
1/1/2000 5:19,0,0,0.003188594
1/1/2000 5:19,0,0,0.003139128
1/1/2000 5:20,0,0,0.003143913
1/1/2000 5:20,0,0,0.003191901
1/1/2000 5:20,0,0,0.003188341
1/1/2000 5:20,0,0,0.003127467
1/1/2000 5:21,0,0,0.003013898
1/1/2000 5:21,0,0,0.003091213
1/1/2000 5:21,0,0,0.003184107
1/1/2000 5:21,0,0,0.002877475
1/1/2000 5:22,0,0,0.003129757
1/1/2000 5:22,0,0,0.003180632
1/1/2000 5:22,0,0,0.003136878
1/1/2000 5:22,0,0,0.003164262
1/1/2000 5:23,0,0,0.003161635
1/1/2000 5:23,0,0,0.003060156
1/1/2000 5:23,0,0,0.003095229
1/1/2000 5:23,0,0,0.003053345
1/1/2000 5:24,0,0,0.003026322
1/1/2000 5:24,0,0,0.003025291
1/1/2000 5:24,0,0,0.003082305
1/1/2000 5:24,0,0,0.003034736
1/1/2000 5:25,0,0,0.003216738
1/1/2000 5:25,0,0,0.003181027
1/1/2000 5:25,0,0,0.003139022
1/1/2000 5:25,0,0,0.003045502
1/1/2000 5:26,0,0,0.003044625
1/1/2000 5:26,0,0,0.003019817
1/1/2000 5:26,0,0,0.003055927
1/1/2000 5:26,0,0,0.003080457
1/1/2000 5:27,0,0,0.003092536
1/1/2000 5:27,0,0,0.003125139
1/1/2000 5:27,0,0,0.002704434
1/1/2000 5:27,0,0,0.003204998
1/1/2000 5:28,0,0,0.003145606
1/1/2000 5:28,0,0,0.003065138
1/1/2000 5:28,0,0,0.003199872
1/1/2000 5:28,0,0,0.003130691
1/1/2000 5:29,0,0,0.00309857
1/1/2000 5:29,0,0,0.003190878
1/1/2000 5:29,0,0,0.003071936
1/1/2000 5:29,0,0,0.002937579
1/1/2000 5:30,0,0,0.003143218
1/1/2000 5:30,0,0,0.003141003
1/1/2000 5:30,0,0,0.00313465
1/1/2000 5:30,0,0,0.002809582
1/1/2000 5:31,0,0,0.002940236
1/1/2000 5:31,0,0,0.00314877
1/1/2000 5:31,0,0,0.00315179
1/1/2000 5:31,0,0,0.003141328
1/1/2000 5:32,0,0,0.003087381
1/1/2000 5:32,0,0,0.003175952
1/1/2000 5:32,0,0,0.00317122
1/1/2000 5:32,0,0,0.003080241
1/1/2000 5:33,0,0,0.003140181
1/1/2000 5:33,129,1,0.098697104
1/1/2000 5:33,46,1,0.019130701
1/1/2000 5:33,0,0,0.002784117
1/1/2000 5:34,0,0,0.002614472
1/1/2000 5:34,0,0,0.003148898
1/1/2000 5:34,0,0,0.004333509
1/1/2000 5:34,0,0,0.004399951
1/1/2000 5:35,0,0,0.004595668
1/1/2000 5:35,0,0,0.004614179
1/1/2000 5:35,0,0,0.004815344
1/1/2000 5:35,0,0,0.005139258
1/1/2000 5:36,0,0,0.004537241
1/1/2000 5:36,0,0,0.004651791
1/1/2000 5:36,0,0,0.004642933
1/1/2000 5:36,0,0,0.004744893
1/1/2000 5:37,0,0,0.004601639
1/1/2000 5:37,0,0,0.004639887
1/1/2000 5:37,0,0,0.004686333
1/1/2000 5:37,0,0,0.004678562
1/1/2000 5:38,0,0,0.004689439
1/1/2000 5:38,0,0,0.006677754
1/1/2000 5:38,0,0,0.004552766
1/1/2000 5:38,0,0,0.004661065
1/1/2000 5:39,0,0,0.00459708
1/1/2000 5:39,0,0,0.004630551
1/1/2000 5:39,0,0,0.004654071
1/1/2000 5:39,0,0,0.004691974
1/1/2000 5:40,0,0,0.004784649
1/1/2000 5:40,0,0,0.004707964
1/1/2000 5:40,0,0,0.004745677
1/1/2000 5:40,0,0,0.004975054
1/1/2000 5:41,0,0,0.005244487
1/1/2000 5:41,0,0,0.004737621
1/1/2000 5:41,0,0,0.004721533
1/1/2000 5:41,0,0,0.004745206
1/1/2000 5:42,0,0,0.004767023
1/1/2000 5:42,0,0,0.00470758
1/1/2000 5:42,0,0,0.004805729
1/1/2000 5:42,0,0,0.004710847
1/1/2000 5:43,0,0,0.004644583
1/1/2000 5:43,0,0,0.005001321
1/1/2000 5:43,0,0,0.004675352
1/1/2000 5:43,0,0,0.004650226
1/1/2000 5:44,0,0,0.004568163
1/1/2000 5:44,0,0,0.00471655
1/1/2000 5:44,0,0,0.005303227
1/1/2000 5:44,0,0,0.004620356
1/1/2000 5:45,0,0,0.004688193
1/1/2000 5:45,0,0,0.004788692
1/1/2000 5:45,0,0,0.004788467
1/1/2000 5:45,0,0,0.005605339
1/1/2000 5:46,0,0,0.005034948
1/1/2000 5:46,0,0,0.004753684
1/1/2000 5:46,0,0,0.004709876
1/1/2000 5:46,0,0,0.004667255
1/1/2000 5:47,0,0,0.004744167
1/1/2000 5:47,0,0,0.004701384
1/1/2000 5:47,0,0,0.004661684
1/1/2000 5:47,0,0,0.004700764
1/1/2000 5:48,0,0,0.004653139
1/1/2000 5:48,0,0,0.004872755
1/1/2000 5:48,0,0,0.004682783
1/1/2000 5:48,0,0,0.004723117
1/1/2000 5:49,0,0,0.004853631
1/1/2000 5:49,0,0,0.004648618
1/1/2000 5:49,0,0,0.005343951
1/1/2000 5:49,0,0,0.004599644
1/1/2000 5:50,0,0,0.004718922
1/1/2000 5:50,0,0,0.004683904
1/1/2000 5:50,0,0,0.004701361
1/1/2000 5:50,0,0,0.004796804
1/1/2000 5:51,0,0,0.004720547
1/1/2000 5:51,0,0,0.00475934
1/1/2000 5:51,0,0,0.004751549
1/1/2000 5:51,0,0,0.004914869
1/1/2000 5:52,0,0,0.004637283
1/1/2000 5:52,0,0,0.004664916
1/1/2000 5:52,0,0,0.004656405
1/1/2000 5:52,0,0,0.004754276
1/1/2000 5:53,0,0,0.004759525
1/1/2000 5:53,0,0,0.00524127
1/1/2000 5:53,0,0,0.004653753
1/1/2000 5:53,0,0,0.004739089
1/1/2000 5:54,0,0,0.004624703
1/1/2000 5:54,0,0,0.004655441
1/1/2000 5:54,0,0,0.004642391
1/1/2000 5:54,0,0,0.004745546
1/1/2000 5:55,0,0,0.004752008
1/1/2000 5:55,0,0,0.004694237
1/1/2000 5:55,0,0,0.004820057
1/1/2000 5:55,0,0,0.004656582
1/1/2000 5:56,0,0,0.004681469
1/1/2000 5:56,0,0,0.00463269
1/1/2000 5:56,0,0,0.004643731
1/1/2000 5:56,0,0,0.004632289
1/1/2000 5:57,0,0,0.005235054
1/1/2000 5:57,0,0,0.004744511
1/1/2000 5:57,0,0,0.004647729
1/1/2000 5:57,0,0,0.004621236
1/1/2000 5:58,0,0,0.004627787
1/1/2000 5:58,0,0,0.004708191
1/1/2000 5:58,0,0,0.00464235
1/1/2000 5:58,0,0,0.004591588
1/1/2000 5:59,0,0,0.004681514
1/1/2000 5:59,0,0,0.004775155
1/1/2000 5:59,0,0,0.004570801
1/1/2000 5:59,0,0,0.004572848
1/1/2000 6:00,0,0,0.004524345
1/1/2000 6:00,0,0,0.005498916
1/1/2000 6:00,0,0,0.004672643
1/1/2000 6:00,0,0,0.005697655
1/1/2000 6:01,0,0,0.00628366
1/1/2000 6:01,0,0,0.006034864
1/1/2000 6:01,0,0,0.005811784
1/1/2000 6:01,0,0,0.005735101
1/1/2000 6:02,0,0,0.005476557
1/1/2000 6:02,0,0,0.004845373
1/1/2000 6:02,0,0,0.004742915
1/1/2000 6:02,0,0,0.004667704
1/1/2000 6:03,0,0,0.004622503
1/1/2000 6:03,0,0,0.004537975
1/1/2000 6:03,0,0,0.004574335
1/1/2000 6:03,0,0,0.004556738
1/1/2000 6:04,0,0,0.005151855
1/1/2000 6:04,0,0,0.004502788
1/1/2000 6:04,0,0,0.004524832
1/1/2000 6:04,0,0,0.004476423
1/1/2000 6:05,0,0,0.004534012
1/1/2000 6:05,2,0,0.007156636
1/1/2000 6:05,0,0,0.005072052
1/1/2000 6:05,0,0,0.00514102
1/1/2000 6:06,0,0,0.005091945
1/1/2000 6:06,0,0,0.005159315
1/1/2000 6:06,0,0,0.005013934
1/1/2000 6:06,0,0,0.005067998
1/1/2000 6:07,0,0,0.00499888
1/1/2000 6:07,0,0,0.005045221
1/1/2000 6:07,0,0,0.005309378
1/1/2000 6:07,0,0,0.005255222
1/1/2000 6:08,0,0,0.005088594
1/1/2000 6:08,0,0,0.00518788
1/1/2000 6:08,0,0,0.005047866
1/1/2000 6:08,0,0,0.005082795
1/1/2000 6:09,0,0,0.004993864
1/1/2000 6:09,0,0,0.004975613
1/1/2000 6:09,0,0,0.005212211
1/1/2000 6:09,134,1,0.126385454
1/1/2000 6:10,10,1,0.003766609
1/1/2000 6:10,0,0,0.003673027
1/1/2000 6:10,0,0,0.003706639
1/1/2000 6:10,0,0,0.003832217
1/1/2000 6:11,0,0,0.003704221
1/1/2000 6:11,0,0,0.004372887
1/1/2000 6:11,0,0,0.003878192
1/1/2000 6:11,0,0,0.003834422
1/1/2000 6:12,0,0,0.003988878
1/1/2000 6:12,0,0,0.00385452
1/1/2000 6:12,0,0,0.004015435
1/1/2000 6:12,0,0,0.003948801
1/1/2000 6:13,0,0,0.003937824
1/1/2000 6:13,0,0,0.003986057
1/1/2000 6:13,0,0,0.004017618
1/1/2000 6:13,0,0,0.003981688
1/1/2000 6:14,0,0,0.003969014
1/1/2000 6:14,0,0,0.004066145
1/1/2000 6:14,0,0,0.004086219
1/1/2000 6:14,0,0,0.004594713
1/1/2000 6:15,0,0,0.004092259
1/1/2000 6:15,0,0,0.004228104
1/1/2000 6:15,0,0,0.004135857
1/1/2000 6:15,0,0,0.004758828
1/1/2000 6:16,0,0,0.004564554
1/1/2000 6:16,0,0,0.004237146
1/1/2000 6:16,0,0,0.004143848
1/1/2000 6:16,0,0,0.004293625
1/1/2000 6:17,0,0,0.004118562
1/1/2000 6:17,0,0,0.004186331
1/1/2000 6:17,0,0,0.004143762
1/1/2000 6:17,0,0,0.004235296
1/1/2000 6:18,0,0,0.004689023
1/1/2000 6:18,0,0,0.003992342
1/1/2000 6:18,0,0,0.003827765
1/1/2000 6:18,0,0,0.003907759
1/1/2000 6:19,0,0,0.004437617
1/1/2000 6:19,0,0,0.00398568
1/1/2000 6:19,0,0,0.003912737
1/1/2000 6:19,0,0,0.004028415
1/1/2000 6:20,0,0,0.004017922
1/1/2000 6:20,0,0,0.003931424
1/1/2000 6:20,7,1,0.020554823
1/1/2000 6:20,91,1,0.046819013
1/1/2000 6:21,0,0,0.001374419
1/1/2000 6:21,0,0,0.001443759
1/1/2000 6:21,0,0,0.001535941
1/1/2000 6:21,0,0,0.001573707
1/1/2000 6:22,0,0,0.001541972
1/1/2000 6:22,0,0,0.001744343
1/1/2000 6:22,0,0,0.001562479
1/1/2000 6:22,0,0,0.001608243
1/1/2000 6:23,0,0,0.001579351
1/1/2000 6:23,0,0,0.001533218
1/1/2000 6:23,0,0,0.001568548
1/1/2000 6:23,0,0,0.001734182
1/1/2000 6:24,0,0,0.001951696
1/1/2000 6:24,0,0,0.00164776
1/1/2000 6:24,0,0,0.001695123
1/1/2000 6:24,0,0,0.001574998
1/1/2000 6:25,0,0,0.001537797
1/1/2000 6:25,0,0,0.001606496
1/1/2000 6:25,0,0,0.001721857
1/1/2000 6:25,0,0,0.001742039
1/1/2000 6:26,0,0,0.001633201
1/1/2000 6:26,0,0,0.001532653
1/1/2000 6:26,0,0,0.001638248
1/1/2000 6:26,0,0,0.001573059
1/1/2000 6:27,0,0,0.001554759
1/1/2000 6:27,0,0,0.001591448
1/1/2000 6:27,0,0,0.00154867
1/1/2000 6:27,0,0,0.001528591
1/1/2000 6:28,0,0,0.00189166
1/1/2000 6:28,0,0,0.001580661
1/1/2000 6:28,0,0,0.00148944
1/1/2000 6:28,0,0,0.00148231
1/1/2000 6:29,0,0,0.001614683
1/1/2000 6:29,0,0,0.001433544
1/1/2000 6:29,0,0,0.001457202
1/1/2000 6:29,0,0,0.001448744
1/1/2000 6:30,0,0,0.001491076
1/1/2000 6:30,0,0,0.0013845
1/1/2000 6:30,0,0,0.001455417
1/1/2000 6:30,0,0,0.001639095
1/1/2000 6:31,0,0,0.001537154
1/1/2000 6:31,0,0,0.001378937
1/1/2000 6:31,0,0,0.001448362
1/1/2000 6:31,0,0,0.001397218
1/1/2000 6:32,0,0,0.001399724
1/1/2000 6:32,0,0,0.001460782
1/1/2000 6:32,0,0,0.001401172
1/1/2000 6:32,0,0,0.001422202
1/1/2000 6:33,0,0,0.001425857
1/1/2000 6:33,0,0,0.00148169
1/1/2000 6:33,0,0,0.001407344
1/1/2000 6:33,0,0,0.001518922
1/1/2000 6:34,0,0,0.001595081
1/1/2000 6:34,0,0,0.001333651
1/1/2000 6:34,0,0,0.001351569
1/1/2000 6:34,0,0,0.00152391
1/1/2000 6:35,0,0,0.001420566
1/1/2000 6:35,0,0,0.001336133
1/1/2000 6:35,0,0,0.00137268
1/1/2000 6:35,0,0,0.001439214
1/1/2000 6:36,0,0,0.001349017
1/1/2000 6:36,0,0,0.001415429
1/1/2000 6:36,0,0,0.001392379
1/1/2000 6:36,0,0,0.001341022
1/1/2000 6:37,0,0,0.001552582
1/1/2000 6:37,0,0,0.001439323
1/1/2000 6:37,0,0,0.001494134
1/1/2000 6:37,0,0,0.001456518
1/1/2000 6:38,0,0,0.001431665
1/1/2000 6:38,0,0,0.001422624
1/1/2000 6:38,0,0,0.001400877
1/1/2000 6:38,0,0,0.001398646
1/1/2000 6:39,0,0,0.001387093
1/1/2000 6:39,0,0,0.00150869
1/1/2000 6:39,0,0,0.0014399
1/1/2000 6:39,0,0,0.001483044
1/1/2000 6:40,0,0,0.001439922
1/1/2000 6:40,0,0,0.001366054
1/1/2000 6:40,0,0,0.001639679
1/1/2000 6:40,0,0,0.001384503
1/1/2000 6:41,0,0,0.001448647
1/1/2000 6:41,0,0,0.001475762
1/1/2000 6:41,3,0,0.002653316
1/1/2000 6:41,0,0,0.001615087
1/1/2000 6:42,0,0,0.00158252
1/1/2000 6:42,0,0,0.001665159
1/1/2000 6:42,0,0,0.001730374
1/1/2000 6:42,0,0,0.001646237
1/1/2000 6:43,0,0,0.001614633
1/1/2000 6:43,0,0,0.001589369
1/1/2000 6:43,0,0,0.00178534
1/1/2000 6:43,0,0,0.001592805
1/1/2000 6:44,0,0,0.001573004
1/1/2000 6:44,0,0,0.001668173
1/1/2000 6:44,0,0,0.001589275
1/1/2000 6:44,0,0,0.001549108
1/1/2000 6:45,0,0,0.001655246
1/1/2000 6:45,0,0,0.001592099
1/1/2000 6:45,0,0,0.001769134
1/1/2000 6:45,0,0,0.001926551
1/1/2000 6:46,0,0,0.001801467
1/1/2000 6:46,0,0,0.001570385
1/1/2000 6:46,0,0,0.001619849
1/1/2000 6:46,0,0,0.001545806
1/1/2000 6:47,0,0,0.001592367
1/1/2000 6:47,0,0,0.001569804
1/1/2000 6:47,0,0,0.001629662
1/1/2000 6:47,0,0,0.001590774
1/1/2000 6:48,0,0,0.001675835
1/1/2000 6:48,0,0,0.00168889
1/1/2000 6:48,0,0,0.001613952
1/1/2000 6:48,0,0,0.001743613
1/1/2000 6:49,0,0,0.001604135
1/1/2000 6:49,0,0,0.001637286
1/1/2000 6:49,0,0,0.001555635
1/1/2000 6:49,0,0,0.001553769
1/1/2000 6:50,0,0,0.001561924
1/1/2000 6:50,0,0,0.001509494
1/1/2000 6:50,0,0,0.001612162
1/1/2000 6:50,0,0,0.001584928
1/1/2000 6:51,0,0,0.001564827
1/1/2000 6:51,0,0,0.001649469
1/1/2000 6:51,0,0,0.001787636
1/1/2000 6:51,0,0,0.001545352
1/1/2000 6:52,0,0,0.001560554
1/1/2000 6:52,0,0,0.001519946
1/1/2000 6:52,0,0,0.00162327
1/1/2000 6:52,0,0,0.001557443
1/1/2000 6:53,0,0,0.001606345
1/1/2000 6:53,0,0,0.001533263
1/1/2000 6:53,0,0,0.001564652
1/1/2000 6:53,0,0,0.001655344
1/1/2000 6:54,0,0,0.001590729
1/1/2000 6:54,0,0,0.001867791
1/1/2000 6:54,0,0,0.001490051
1/1/2000 6:54,0,0,0.001293427
1/1/2000 6:55,0,0,0.001337984
1/1/2000 6:55,0,0,0.001272014
1/1/2000 6:55,0,0,0.001291615
1/1/2000 6:55,0,0,0.001327755
1/1/2000 6:56,0,0,0.001331377
1/1/2000 6:56,0,0,0.001401795
1/1/2000 6:56,0,0,0.001340596
1/1/2000 6:56,0,0,0.001349591
1/1/2000 6:57,0,0,0.001227292
1/1/2000 6:57,0,0,0.001429316
1/1/2000 6:57,0,0,0.001349307
1/1/2000 6:57,0,0,0.001333455
1/1/2000 6:58,0,0,0.001360861
1/1/2000 6:58,0,0,0.001345973
1/1/2000 6:58,0,0,0.001312386
1/1/2000 6:58,0,0,0.001368985
1/1/2000 6:59,0,0,0.001337181
1/1/2000 6:59,0,0,0.001324711
1/1/2000 6:59,0,0,0.001334775
1/1/2000 6:59,0,0,0.001365813
1/1/2000 7:00,0,0,0.001430302
1/1/2000 7:00,0,0,0.001409821
1/1/2000 7:00,0,0,0.001292002
1/1/2000 7:00,0,0,0.001515656
1/1/2000 7:01,0,0,0.001477109
1/1/2000 7:01,0,0,0.001357539
1/1/2000 7:01,0,0,0.001401863
1/1/2000 7:01,0,0,0.001399528
1/1/2000 7:02,0,0,0.001353372
1/1/2000 7:02,0,0,0.001445223
1/1/2000 7:02,0,0,0.001380319
1/1/2000 7:02,0,0,0.00138792
1/1/2000 7:03,0,0,0.001409917
1/1/2000 7:03,0,0,0.001358316
1/1/2000 7:03,0,0,0.001340386
1/1/2000 7:03,0,0,0.001300547
1/1/2000 7:04,0,0,0.001522657
1/1/2000 7:04,0,0,0.001864066
1/1/2000 7:04,0,0,0.001780729
1/1/2000 7:04,0,0,0.001664636
1/1/2000 7:05,0,0,0.001789895
1/1/2000 7:05,0,0,0.001709028
1/1/2000 7:05,0,0,0.001720176
1/1/2000 7:05,0,0,0.001595845
1/1/2000 7:06,0,0,0.001560852
1/1/2000 7:06,0,0,0.001537829
1/1/2000 7:06,0,0,0.001496812
1/1/2000 7:06,0,0,0.001532061
1/1/2000 7:07,0,0,0.001535117
1/1/2000 7:07,0,0,0.001670379
1/1/2000 7:07,0,0,0.001588285
1/1/2000 7:07,0,0,0.001487291
1/1/2000 7:08,0,0,0.001487347
1/1/2000 7:08,0,0,0.001501884
1/1/2000 7:08,0,0,0.00146135
1/1/2000 7:08,0,0,0.001529784
1/1/2000 7:09,0,0,0.001492051
1/1/2000 7:09,0,0,0.001527418
1/1/2000 7:09,0,0,0.001534289
1/1/2000 7:09,0,0,0.00154297
1/1/2000 7:10,0,0,0.001692389
1/1/2000 7:10,0,0,0.001544463
1/1/2000 7:10,0,0,0.001678962
1/1/2000 7:10,0,0,0.001581504
1/1/2000 7:11,0,0,0.00149981
1/1/2000 7:11,0,0,0.001565421
1/1/2000 7:11,0,0,0.001570899
1/1/2000 7:11,0,0,0.001602625
1/1/2000 7:12,0,0,0.001568414
1/1/2000 7:12,0,0,0.001507208
1/1/2000 7:12,0,0,0.001567404
1/1/2000 7:12,0,0,0.001531388
1/1/2000 7:13,0,0,0.001736965
1/1/2000 7:13,0,1,0.001620339
1/1/2000 7:13,0,1,0.001544432
1/1/2000 7:13,0,1,0.00153135
1/1/2000 7:14,97,1,0.089141294
1/1/2000 7:14,398,1,0.17943584
1/1/2000 7:14,0,1,0.004933527
1/1/2000 7:14,0,1,0.004778572
1/1/2000 7:15,0,1,0.004473591
1/1/2000 7:15,109,1,0.098536152
1/1/2000 7:15,32,1,0.007234367
1/1/2000 7:15,0,1,0.004562908
1/1/2000 7:16,0,1,0.004408169
1/1/2000 7:16,2,1,0.00590087
1/1/2000 7:16,0,0,0.004349416
1/1/2000 7:16,0,0,0.004390875
1/1/2000 7:17,5,0,0.007681125
1/1/2000 7:17,0,0,0.004617486
1/1/2000 7:17,0,0,0.004617485
1/1/2000 7:17,0,0,0.004589148
1/1/2000 7:18,0,0,0.004623192
1/1/2000 7:18,0,0,0.004581116
1/1/2000 7:18,0,0,0.004648917
1/1/2000 7:18,0,0,0.004681123
1/1/2000 7:19,0,0,0.004453414
1/1/2000 7:19,0,0,0.004551407
1/1/2000 7:19,0,0,0.004669698
1/1/2000 7:19,0,0,0.004670277
1/1/2000 7:20,0,0,0.00478351
1/1/2000 7:20,0,0,0.004591465
1/1/2000 7:20,0,0,0.004543289
1/1/2000 7:20,0,0,0.004550832
1/1/2000 7:21,0,0,0.004590557
1/1/2000 7:21,0,0,0.004532834
1/1/2000 7:21,0,0,0.004419733
1/1/2000 7:21,0,0,0.004613336
1/1/2000 7:22,0,0,0.004643953
1/1/2000 7:22,0,0,0.004167656
1/1/2000 7:22,0,0,0.004698855
1/1/2000 7:22,0,0,0.004658523
1/1/2000 7:23,0,0,0.004548826
1/1/2000 7:23,0,0,0.004562052
1/1/2000 7:23,0,0,0.004567044
1/1/2000 7:23,0,0,0.004657817
1/1/2000 7:24,0,0,0.004609582
1/1/2000 7:24,0,0,0.004539256
1/1/2000 7:24,0,0,0.004499117
1/1/2000 7:24,0,0,0.004339431
1/1/2000 7:25,0,0,0.004471397
1/1/2000 7:25,0,0,0.004491592
1/1/2000 7:25,0,0,0.004560473
1/1/2000 7:25,0,0,0.004520874
1/1/2000 7:26,0,0,0.004202892
1/1/2000 7:26,0,0,0.004583586
1/1/2000 7:26,0,0,0.004531666
1/1/2000 7:26,0,0,0.004538528
1/1/2000 7:27,0,0,0.004533946
1/1/2000 7:27,0,0,0.004483856
1/1/2000 7:27,0,0,0.004537133
1/1/2000 7:27,0,0,0.004527048
1/1/2000 7:28,0,0,0.004567758
1/1/2000 7:28,0,0,0.004412187
1/1/2000 7:28,0,0,0.004597754
1/1/2000 7:28,0,0,0.004524001
1/1/2000 7:29,0,0,0.004467308
1/1/2000 7:29,0,0,0.004138019
1/1/2000 7:29,0,0,0.004610579
1/1/2000 7:29,0,0,0.004477116
1/1/2000 7:30,0,0,0.004564686
1/1/2000 7:30,0,0,0.004508782
1/1/2000 7:30,0,0,0.004604552
1/1/2000 7:30,0,0,0.003987373
1/1/2000 7:31,0,0,0.004394464
1/1/2000 7:31,0,0,0.004565563
1/1/2000 7:31,0,0,0.004570576
1/1/2000 7:31,0,0,0.004566875
1/1/2000 7:32,0,0,0.004420344
1/1/2000 7:32,0,0,0.00443826
1/1/2000 7:32,0,0,0.004474966
1/1/2000 7:32,0,0,0.004450551
1/1/2000 7:33,0,0,0.00444166
1/1/2000 7:33,0,0,0.004313078
1/1/2000 7:33,0,0,0.00453771
1/1/2000 7:33,0,0,0.003981265
1/1/2000 7:34,0,0,0.004626807
1/1/2000 7:34,0,0,0.004607516
1/1/2000 7:34,0,0,0.004611914
1/1/2000 7:34,0,0,0.004606987
1/1/2000 7:35,0,0,0.004583335
1/1/2000 7:35,0,0,0.004601846
1/1/2000 7:35,0,0,0.004635692
1/1/2000 7:35,0,0,0.004575417
1/1/2000 7:36,0,0,0.0043504
1/1/2000 7:36,0,0,0.004511264
1/1/2000 7:36,0,0,0.004036162
1/1/2000 7:36,0,0,0.00446821
1/1/2000 7:37,0,1,0.00435769
1/1/2000 7:37,25,NA,0.051177965
1/1/2000 7:37,52,NA,0.027153965
1/1/2000 7:37,34,NA,0.016856728
1/1/2000 7:38,101,NA,0.031223765
1/1/2000 7:38,NA,NA,0.009587598
1/1/2000 7:38,NA,NA,0.00813657
1/1/2000 7:38,NA,NA,0.007895272
1/1/2000 7:39,NA,NA,0.008153495
1/1/2000 7:39,NA,NA,0.008433271
1/1/2000 7:39,NA,NA,0.007968231
1/1/2000 7:39,NA,NA,0.007982676
